direction,method,group,label,n_windows,mean_score,median_score,frac_flagged,one_group_auroc
A,three_band,sh:noleak:NoLeak_2.8bar,0,975,0.1361256979750947,0.05288267508149147,0.15794871794871795,0.703216417026318
A,three_band,sh:noleak:NoLeak_4.2bar,0,975,-1.0974941944518388,-1.106787919998169,0.06871794871794872,0.8860232884826944
A,three_band,sh:noleak:noLeak_2.8bar_newer,0,150,-0.5296692350479619,-0.6124824583530426,0.0,0.8906983498349834
A,three_band,sh:test1,1,1950,0.4954693557443291,0.2776736468076706,0.16974358974358975,0.7241697191697192
A,three_band,sh:test2,1,1950,0.44230555301185887,0.4491376727819443,0.23487179487179488,0.719864713064713
A,three_band,sh:test3,1,825,1.0451750935647974,1.318546175956726,0.5418181818181819,0.8503679653679654
A,three_band,sh:test4,1,825,0.9304199383114323,1.0898997783660889,0.38181818181818183,0.8417477633477634
A,three_band,sh:test5,1,2400,0.9363876471478821,0.9533672332763672,0.4025,0.8142082341269842
A,three_band,sh:test6,1,2400,0.7333763320845477,0.8993332087993622,0.3179166666666667,0.7790605158730158
A,three_band,sh:test7,1,2400,1.1472911727475366,1.1238538026809692,0.4295833333333333,0.867451388888889
A,three_band,sh:test8,1,2400,1.0158989723684013,0.8465451896190643,0.32458333333333333,0.8436960317460317
A,full14,sh:noleak:NoLeak_2.8bar,0,975,1.1522999426158957,1.0746759176254272,0.4256410256410256,0.6527486164001015
A,full14,sh:noleak:NoLeak_4.2bar,0,975,0.5383859336652005,0.5748300552368164,0.21846153846153846,0.7888527714309894
A,full14,sh:noleak:noLeak_2.8bar_newer,0,150,-0.3332831090906014,-0.3666406273841858,0.0,0.9549091309130913
A,full14,sh:test1,1,1950,2.2761035405353267,1.2951541543006897,0.4815384615384615,0.6821543345543346
A,full14,sh:test2,1,1950,1.5396058585138048,1.4417754411697388,0.5251282051282051,0.6638544566544566
A,full14,sh:test3,1,825,2.9936143432241495,2.7679641246795654,0.9236363636363636,0.9094724386724387
A,full14,sh:test4,1,825,3.205841436891845,2.6277310848236084,0.9466666666666667,0.9156952380952381
A,full14,sh:test5,1,2400,1.5487237746082245,1.5762578845024109,0.57125,0.6856464285714285
A,full14,sh:test6,1,2400,1.1426540216816556,1.072007656097412,0.41041666666666665,0.6004809523809524
A,full14,sh:test7,1,2400,2.00497678883917,1.9373965859413147,0.7758333333333334,0.8092046626984127
A,full14,sh:test8,1,2400,2.159534215206901,1.9243212938308716,0.8283333333333334,0.8392466269841271
A,model_f_seed0,sh:noleak:NoLeak_2.8bar,0,975,-0.5315916414234119,-0.1607244908809662,0.6266666666666667,0.34287125327917406
A,model_f_seed0,sh:noleak:NoLeak_4.2bar,0,975,0.20387914565558998,0.3014565408229828,0.8533333333333334,0.27334213421342135
A,model_f_seed0,sh:noleak:noLeak_2.8bar_newer,0,150,3.0108693172534307,2.879497528076172,1.0,0.0981007700770077
A,model_f_seed0,sh:test1,1,1950,-3.741460720666517,-3.5019973516464233,0.2323076923076923,0.16575531135531135
A,model_f_seed0,sh:test2,1,1950,1.3639151658748205,1.55602365732193,0.8328205128205128,0.6403687423687423
A,model_f_seed0,sh:test3,1,825,-1.0114732104980133,-1.2760072946548462,0.4993939393939394,0.37913997113997117
A,model_f_seed0,sh:test4,1,825,-1.3055089968702558,-0.47579845786094666,0.5587878787878788,0.4132658008658009
A,model_f_seed0,sh:test5,1,2400,-0.2820378583886971,0.0669827051460743,0.6570833333333334,0.46852242063492067
A,model_f_seed0,sh:test6,1,2400,-2.440726530737787,-2.739188313484192,0.2704166666666667,0.21440476190476188
A,model_f_seed0,sh:test7,1,2400,-4.667661647373655,-5.129157781600952,0.11291666666666667,0.12292400793650793
A,model_f_seed0,sh:test8,1,2400,-4.867421977716343,-5.646064519882202,0.1475,0.11701686507936508
A,model_f_seed1,sh:noleak:NoLeak_2.8bar,0,975,1.6992990119650195,2.0247116088867188,0.7712820512820513,0.34631496995853434
A,model_f_seed1,sh:noleak:NoLeak_4.2bar,0,975,0.9998752379899797,0.96052485704422,0.5753846153846154,0.42294199881526606
A,model_f_seed1,sh:noleak:noLeak_2.8bar_newer,0,150,3.6764925956726073,3.726287841796875,0.9933333333333333,0.16302486248624862
A,model_f_seed1,sh:test1,1,1950,-0.6118386964439056,-0.18661095947027206,0.40974358974358976,0.2965716727716728
A,model_f_seed1,sh:test2,1,1950,3.306270329069394,3.3174463510513306,0.9723076923076923,0.7669870573870573
A,model_f_seed1,sh:test3,1,825,1.6159079917085668,1.5003364086151123,0.6303030303030303,0.5028196248196248
A,model_f_seed1,sh:test4,1,825,1.3341093996799354,2.1092615127563477,0.6533333333333333,0.529007215007215
A,model_f_seed1,sh:test5,1,2400,1.7156803228932889,2.0065025091171265,0.7404166666666666,0.5361327380952381
A,model_f_seed1,sh:test6,1,2400,-0.31174854418311343,-0.3461347222328186,0.33791666666666664,0.2565571428571428
A,model_f_seed1,sh:test7,1,2400,-1.7657613047698397,-2.2624707221984863,0.16166666666666665,0.1558357142857143
A,model_f_seed1,sh:test8,1,2400,-2.051164768773791,-2.4376213550567627,0.20666666666666667,0.16069027777777778
A,model_f_seed2,sh:noleak:NoLeak_2.8bar,0,975,1.3103143110250433,1.6691786050796509,0.8502564102564103,0.36284958957434205
A,model_f_seed2,sh:noleak:NoLeak_4.2bar,0,975,0.8422123430588115,0.7471427917480469,0.9282051282051282,0.4144150291952272
A,model_f_seed2,sh:noleak:noLeak_2.8bar_newer,0,150,3.2223899966478347,3.06071674823761,1.0,0.1877038503850385
A,model_f_seed2,sh:test1,1,1950,-0.4906134115582786,0.3986283987760544,0.6041025641025641,0.38192649572649573
A,model_f_seed2,sh:test2,1,1950,3.0281414438712484,3.1790608167648315,0.9938461538461538,0.7745155067155067
A,model_f_seed2,sh:test3,1,825,1.5079132932478168,1.7237857580184937,0.7818181818181819,0.5473275613275613
A,model_f_seed2,sh:test4,1,825,1.353685312450045,2.913799524307251,0.7793939393939394,0.6230655122655123
A,model_f_seed2,sh:test5,1,2400,1.1048434403787057,1.3456100821495056,0.8329166666666666,0.49587400793650793
A,model_f_seed2,sh:test6,1,2400,-0.9161633840058251,-1.053236484527588,0.485,0.22350178571428572
A,model_f_seed2,sh:test7,1,2400,-2.352816373004995,-2.6568992137908936,0.27958333333333335,0.14240337301587302
A,model_f_seed2,sh:test8,1,2400,-2.881512898481257,-3.3810930252075195,0.2733333333333333,0.15893333333333337
B,three_band,md:Branched/Circumferential Crack/BR_CC_0.18 LPS,1,178,-0.4253605728448379,-0.45108678936958313,0.9662921348314607,0.44011298989867154
B,three_band,md:Branched/Circumferential Crack/BR_CC_0.47 LPS,1,174,0.5865527593394227,0.25454600900411606,0.9942528735632183,0.6745941545356353
B,three_band,md:Branched/Circumferential Crack/BR_CC_ND,1,182,-1.3979821460229436,-1.1947669386863708,0.4725274725274725,0.20708814327327651
B,three_band,md:Branched/Circumferential Crack/BR_CC_Transient,1,180,0.20167490360456417,0.018050672952085733,0.9722222222222222,0.612400654511454
B,three_band,md:Branched/Gasket Leak/BR_GL_0.18 LPS,1,178,-0.5025722841196563,-0.611703097820282,0.848314606741573,0.3995619080637282
B,three_band,md:Branched/Gasket Leak/BR_GL_0.47 LPS,1,180,-0.8302898787686395,-0.8881588876247406,0.7833333333333333,0.29413666822502726
B,three_band,md:Branched/Gasket Leak/BR_GL_ND,1,180,0.0042977483212275226,-0.013310009613633156,1.0,0.5675938912264298
B,three_band,md:Branched/Gasket Leak/BR_GL_Transient,1,176,-0.7339515859070658,-0.34967997670173645,0.6534090909090909,0.38208434272599767
B,three_band,md:Branched/Longitudinal Crack/BR_LC_0.18 LPS,1,168,-0.4608376780968337,-0.4764823168516159,0.5119047619047619,0.4187495825819809
B,three_band,md:Branched/Longitudinal Crack/BR_LC_0.47 LPS,1,180,0.043947144490407986,-0.06505441665649414,0.95,0.5506350319463924
B,three_band,md:Branched/Longitudinal Crack/BR_LC_ND,1,180,-0.04945469019261913,0.043801074847579,0.9333333333333333,0.5500818139317438
B,three_band,md:Branched/Longitudinal Crack/BR_LC_Transient,1,182,0.6806749380551852,1.1864615678787231,0.8626373626373627,0.6601575142949616
B,three_band,md:Branched/No-leak/BR_NL_0.18 LPS,0,180,-1.1957358073857096,-1.1970367431640625,0.45,0.8614460755757505
B,three_band,md:Branched/No-leak/BR_NL_0.47 LPS,0,178,-0.6283294534038627,-0.6229330897331238,0.9606741573033708,0.7005113321734759
B,three_band,md:Branched/No-leak/BR_NL_ND,0,178,-0.16820016863305917,0.2479238286614418,0.8033707865168539,0.48920193693569863
B,three_band,md:Branched/No-leak/BR_NL_Transient,0,182,-0.26913826290651094,-0.20332077145576477,0.967032967032967,0.5181063256910863
B,three_band,md:Branched/Orifice Leak/BR_OL_0.18 LPS,1,178,-0.1877148226740655,-0.47410398721694946,0.6460674157303371,0.46810044597128764
B,three_band,md:Branched/Orifice Leak/BR_OL_0.47 LPS,1,178,-0.4992465845379832,-0.5760634243488312,0.8651685393258427,0.405030177915754
B,three_band,md:Branched/Orifice Leak/BR_OL_ND,1,178,-0.9714457286793864,-0.9267372786998749,0.6853932584269663,0.253305387900468
B,three_band,md:Branched/Orifice Leak/BR_OL_Transient,1,186,0.09699882059207847,0.21738748252391815,0.7419354838709677,0.5403942149632781
B,three_band,md:Looped/Circumferential Crack/LO_CC_0.18 LPS,1,180,-0.176099114546216,-0.1750052273273468,0.9944444444444445,0.5232780115318685
B,three_band,md:Looped/Circumferential Crack/LO_CC_0.47 LPS,1,178,0.26985058646774696,0.08781123347580433,1.0,0.6461974250279717
B,three_band,md:Looped/Circumferential Crack/LO_CC_ND,1,178,-0.30195017913330263,-0.2109597846865654,0.9662921348314607,0.4818971902233008
B,three_band,md:Looped/Circumferential Crack/LO_CC_Transient,1,178,0.2130443512650437,-0.13792326301336288,0.9943820224719101,0.6108624738011567
B,three_band,md:Looped/Gasket Leak/LO_GL_0.18 LPS,1,178,-0.787211463451804,-0.2954346090555191,0.6573033707865169,0.33215011740233547
B,three_band,md:Looped/Gasket Leak/LO_GL_0.47 LPS,1,182,-0.6407526585871193,-0.44782179594039917,0.8846153846153846,0.37306767566234605
B,three_band,md:Looped/Gasket Leak/LO_GL_ND,1,180,-0.5769686987623572,-0.456351637840271,0.9111111111111111,0.3862357799594826
B,three_band,md:Looped/Gasket Leak/LO_GL_Transient,1,178,-0.9236822869665293,-0.35023684799671173,0.601123595505618,0.3109625415635785
B,three_band,md:Looped/Longitudinal Crack/LO_LC_0.18 LPS,1,178,-0.35792922711502134,-0.24433188885450363,0.9943820224719101,0.46716674283372994
B,three_band,md:Looped/Longitudinal Crack/LO_LC_0.47 LPS,1,178,-0.03813208465064154,-0.13715393096208572,1.0,0.5617228989709567
B,three_band,md:Looped/Longitudinal Crack/LO_LC_ND,1,178,0.04957562399206662,-0.10518033429980278,1.0,0.5865428557921112
B,three_band,md:Looped/Longitudinal Crack/LO_LC_Transient,1,186,-0.27768022375511786,-0.21356602013111115,0.9731182795698925,0.4870115670572622
B,three_band,md:Looped/No-leak/LO_NL_0.18 LPS,0,178,-0.4177124115391216,-0.3665628880262375,0.8876404494382022,0.5818651842484556
B,three_band,md:Looped/No-leak/LO_NL_0.47 LPS,0,178,0.7848043695139291,0.7703774571418762,1.0,0.1789623334341336
B,three_band,md:Looped/No-leak/LO_NL_ND,0,178,0.2698835115461202,0.13554690778255463,0.7303370786516854,0.4499556217084464
B,three_band,md:Looped/No-leak/LO_NL_Transient,0,174,0.8235877000823103,0.9213584661483765,0.9310344827586207,0.2555944589746371
B,three_band,md:Looped/Orifice Leak/LO_OL_0.18 LPS,1,176,0.029871076612669804,0.03722344525158405,1.0,0.5750549853372434
B,three_band,md:Looped/Orifice Leak/LO_OL_0.47 LPS,1,178,0.9643138619035148,0.9352236092090607,1.0,0.8120538317285722
B,three_band,md:Looped/Orifice Leak/LO_OL_ND,1,178,1.4826791581143155,1.5038124918937683,1.0,0.8970129378949525
B,three_band,md:Looped/Orifice Leak/LO_OL_Transient,1,180,0.9679336259762447,1.537898063659668,0.9,0.7090540751129811
B,full14,md:Branched/Circumferential Crack/BR_CC_0.18 LPS,1,178,3.9270150607891297,2.9098987579345703,0.5,0.5000472761082307
B,full14,md:Branched/Circumferential Crack/BR_CC_0.47 LPS,1,174,5.409035137051652,3.378582715988159,1.0,0.6541447018426271
B,full14,md:Branched/Circumferential Crack/BR_CC_ND,1,182,7.839746194226401,7.818950891494751,1.0,0.8019203797604919
B,full14,md:Branched/Circumferential Crack/BR_CC_Transient,1,180,5.393091742611594,5.055598855018616,1.0,0.6641616019947015
B,full14,md:Branched/Gasket Leak/BR_GL_0.18 LPS,1,178,1.2662209111653018,0.552472710609436,0.5,0.4460264431032037
B,full14,md:Branched/Gasket Leak/BR_GL_0.47 LPS,1,180,1.6213181575139364,0.7784938812255859,0.6833333333333333,0.49574177964781047
B,full14,md:Branched/Gasket Leak/BR_GL_ND,1,180,2.3694605989795594,1.3088157009333372,0.9055555555555556,0.54189262895434
B,full14,md:Branched/Gasket Leak/BR_GL_Transient,1,176,3.072641958916475,2.834852695465088,0.9545454545454546,0.5737042585745251
B,full14,md:Branched/Longitudinal Crack/BR_LC_0.18 LPS,1,168,3.906150067712934,3.3153404630720615,0.9940476190476191,0.6113337340546318
B,full14,md:Branched/Longitudinal Crack/BR_LC_0.47 LPS,1,180,2.7586381943689453,1.8373062163591385,0.9777777777777777,0.5645589839488857
B,full14,md:Branched/Longitudinal Crack/BR_LC_ND,1,180,7.0737431976530285,6.22743034362793,1.0,0.7961976001246689
B,full14,md:Branched/Longitudinal Crack/BR_LC_Transient,1,182,5.017939981932823,4.4839301109313965,0.9835164835164835,0.6642610545135088
B,full14,md:Branched/No-leak/BR_NL_0.18 LPS,0,180,-0.42861964338355596,-0.36383137106895447,0.5666666666666667,0.6111858712959727
B,full14,md:Branched/No-leak/BR_NL_0.47 LPS,0,178,0.22176149320066646,-0.5619567632675171,0.5280898876404494,0.5762619340295095
B,full14,md:Branched/No-leak/BR_NL_ND,0,178,3.0971942403343284,2.971030354499817,1.0,0.3684389837763962
B,full14,md:Branched/No-leak/BR_NL_Transient,0,182,0.09814088146847028,0.6152113974094391,0.6923076923076923,0.5535315785228403
B,full14,md:Branched/Orifice Leak/BR_OL_0.18 LPS,1,178,-2.99057582924875,-3.103389322757721,0.5,0.3276352490662969
B,full14,md:Branched/Orifice Leak/BR_OL_0.47 LPS,1,178,-1.4930053621195676,-3.7666680812835693,0.5,0.31101769702318105
B,full14,md:Branched/Orifice Leak/BR_OL_ND,1,178,5.705234271087003,5.2040605545043945,1.0,0.7481956285358589
B,full14,md:Branched/Orifice Leak/BR_OL_Transient,1,186,2.0634593726486288,3.296056389808655,0.6881720430107527,0.5083284320378832
B,full14,md:Looped/Circumferential Crack/LO_CC_0.18 LPS,1,180,-3.204718406451866,-2.6996304392814636,0.5,0.17503895901511612
B,full14,md:Looped/Circumferential Crack/LO_CC_0.47 LPS,1,178,-1.1413652953806888,-0.9157315790653229,0.9831460674157303,0.3179830436358479
B,full14,md:Looped/Circumferential Crack/LO_CC_ND,1,178,0.9250686135603471,0.09947962313890457,1.0,0.42085191547031847
B,full14,md:Looped/Circumferential Crack/LO_CC_Transient,1,178,0.04833782810634107,-0.5347313284873962,0.9943820224719101,0.38689191105788173
B,full14,md:Looped/Gasket Leak/LO_GL_0.18 LPS,1,178,-0.48014290800862264,-0.43983234465122223,0.9943820224719101,0.3405376869376113
B,full14,md:Looped/Gasket Leak/LO_GL_0.47 LPS,1,182,-0.9028819086257839,-0.7872573733329773,0.9945054945054945,0.32800579504646826
B,full14,md:Looped/Gasket Leak/LO_GL_ND,1,180,-0.8455206611762858,-0.7926805317401886,1.0,0.33213729156926913
B,full14,md:Looped/Gasket Leak/LO_GL_Transient,1,178,-0.24203787964841958,-0.4513002038002014,0.9943820224719101,0.35399561908063726
B,full14,md:Looped/Longitudinal Crack/LO_LC_0.18 LPS,1,178,-5.1278086889304975,-4.2505457401275635,0.5,0.1698906346029595
B,full14,md:Looped/Longitudinal Crack/LO_LC_0.47 LPS,1,178,-4.042675535182804,-3.4741835594177246,0.5,0.17040673211781207
B,full14,md:Looped/Longitudinal Crack/LO_LC_ND,1,178,0.7541438544409748,0.09484388493001461,1.0,0.39858092881793966
B,full14,md:Looped/Longitudinal Crack/LO_LC_Transient,1,186,-0.24979612230753867,-0.5910266041755676,0.978494623655914,0.3614139860350782
B,full14,md:Looped/No-leak/LO_NL_0.18 LPS,0,178,1.1902540172083993,0.4476710557937622,0.5,0.5257521727690091
B,full14,md:Looped/No-leak/LO_NL_0.47 LPS,0,178,3.7039912527196863,3.0107814967632294,0.949438202247191,0.4498594032887063
B,full14,md:Looped/No-leak/LO_NL_ND,0,178,6.825319355123498,6.431239366531372,1.0,0.21953901558738398
B,full14,md:Looped/No-leak/LO_NL_Transient,0,174,2.027897506681988,1.3487881422042847,0.9712643678160919,0.4772545569228668
B,full14,md:Looped/Orifice Leak/LO_OL_0.18 LPS,1,176,-1.8665027997710488,-2.38520610332489,0.5,0.3703461685579497
B,full14,md:Looped/Orifice Leak/LO_OL_0.47 LPS,1,178,-0.06329872367087375,-1.188904047012329,0.5,0.41272830420599776
B,full14,md:Looped/Orifice Leak/LO_OL_ND,1,178,6.531915361961622,5.923408269882202,1.0,0.7939707203303024
B,full14,md:Looped/Orifice Leak/LO_OL_Transient,1,180,4.08381542497211,5.516136407852173,0.6833333333333333,0.6008999532491819
B,model_f_seed0,md:Branched/Circumferential Crack/BR_CC_0.18 LPS,1,178,3.6180919623107055,3.6553598642349243,0.9943820224719101,0.5874667097404542
B,model_f_seed0,md:Branched/Circumferential Crack/BR_CC_0.47 LPS,1,174,3.628516543870685,3.6620463132858276,1.0,0.6084659283261595
B,model_f_seed0,md:Branched/Circumferential Crack/BR_CC_ND,1,182,2.6912958330505496,3.6119121313095093,0.7802197802197802,0.4118413143658586
B,model_f_seed0,md:Branched/Circumferential Crack/BR_CC_Transient,1,180,1.8279249873012304,2.983196496963501,0.5944444444444444,0.30009739753779024
B,model_f_seed0,md:Branched/Gasket Leak/BR_GL_0.18 LPS,1,178,3.019181635774923,3.591861605644226,0.8314606741573034,0.405489150133161
B,model_f_seed0,md:Branched/Gasket Leak/BR_GL_0.47 LPS,1,180,3.2558284827404553,3.630009174346924,0.9055555555555556,0.46170328814087586
B,model_f_seed0,md:Branched/Gasket Leak/BR_GL_ND,1,180,2.3127860152886974,2.9496363401412964,0.6666666666666666,0.17655836060464392
B,model_f_seed0,md:Branched/Gasket Leak/BR_GL_Transient,1,176,3.076719705354084,3.5950663089752197,0.8636363636363636,0.3877900675761826
B,model_f_seed0,md:Branched/Longitudinal Crack/BR_LC_0.18 LPS,1,168,2.2787384712802514,3.495260000228882,0.6666666666666666,0.304126594536833
B,model_f_seed0,md:Branched/Longitudinal Crack/BR_LC_0.47 LPS,1,180,1.6999819363984796,3.5306438207626343,0.5944444444444444,0.3414523920835281
B,model_f_seed0,md:Branched/Longitudinal Crack/BR_LC_ND,1,180,1.7878169218285216,2.8268706798553467,0.5666666666666667,0.1594163939535609
B,model_f_seed0,md:Branched/Longitudinal Crack/BR_LC_Transient,1,182,2.137083511185515,3.4645142555236816,0.6593406593406593,0.28976002959172664
B,model_f_seed0,md:Branched/No-leak/BR_NL_0.18 LPS,0,180,3.609645226266649,3.6549702882766724,0.9944444444444445,0.4493053128276826
B,model_f_seed0,md:Branched/No-leak/BR_NL_0.47 LPS,0,178,3.413860191622477,3.622144341468811,0.949438202247191,0.5521003106480409
B,model_f_seed0,md:Branched/No-leak/BR_NL_ND,0,178,2.534725796389446,3.2905380725860596,0.7303370786516854,0.7364793483852978
B,model_f_seed0,md:Branched/No-leak/BR_NL_Transient,0,182,3.389380540739704,3.6285935640335083,0.9505494505494505,0.51754314367911
B,model_f_seed0,md:Branched/Orifice Leak/BR_OL_0.18 LPS,1,178,2.730486578653368,3.5738848447799683,0.7640449438202247,0.384114439699324
B,model_f_seed0,md:Branched/Orifice Leak/BR_OL_0.47 LPS,1,178,3.427214237076513,3.643755555152893,0.9382022471910112,0.5131939738720709
B,model_f_seed0,md:Branched/Orifice Leak/BR_OL_ND,1,178,3.606333505571558,3.666631817817688,0.9887640449438202,0.6166006114376665
B,model_f_seed0,md:Branched/Orifice Leak/BR_OL_Transient,1,186,2.101480999220443,3.593616485595703,0.7311827956989247,0.4016159194076219
B,model_f_seed0,md:Looped/Circumferential Crack/LO_CC_0.18 LPS,1,180,3.659866490628984,3.6704678535461426,1.0,0.6674731182795699
B,model_f_seed0,md:Looped/Circumferential Crack/LO_CC_0.47 LPS,1,178,3.6776373118497014,3.687639832496643,1.0,0.741699103329814
B,model_f_seed0,md:Looped/Circumferential Crack/LO_CC_ND,1,178,3.6693428928932446,3.6753716468811035,1.0,0.7006811699260918
B,model_f_seed0,md:Looped/Circumferential Crack/LO_CC_Transient,1,178,3.6313872974407806,3.6750707626342773,0.9943820224719101,0.6741888207762737
B,model_f_seed0,md:Looped/Gasket Leak/LO_GL_0.18 LPS,1,178,3.6809197932146906,3.6924209594726562,1.0,0.7512843342736025
B,model_f_seed0,md:Looped/Gasket Leak/LO_GL_0.47 LPS,1,182,3.428688243850247,3.634916067123413,0.9505494505494505,0.5166761709538709
B,model_f_seed0,md:Looped/Gasket Leak/LO_GL_ND,1,180,3.500539283785555,3.625539183616638,0.9722222222222222,0.49577099890914755
B,model_f_seed0,md:Looped/Gasket Leak/LO_GL_Transient,1,178,3.6801319939366888,3.6898213624954224,1.0,0.7526080653040642
B,model_f_seed0,md:Looped/Longitudinal Crack/LO_LC_0.18 LPS,1,178,3.657674229546879,3.6689810752868652,1.0,0.6559599413776258
B,model_f_seed0,md:Looped/Longitudinal Crack/LO_LC_0.47 LPS,1,178,3.6713076682572954,3.6763598918914795,1.0,0.7021821863624187
B,model_f_seed0,md:Looped/Longitudinal Crack/LO_LC_ND,1,178,3.667481402332863,3.6844234466552734,1.0,0.711781206171108
B,model_f_seed0,md:Looped/Longitudinal Crack/LO_LC_Transient,1,186,3.631257757063835,3.665754556655884,0.9946236559139785,0.6354001719223635
B,model_f_seed0,md:Looped/No-leak/LO_NL_0.18 LPS,0,178,3.582086649168743,3.6447508335113525,0.9887640449438202,0.4834779227817727
B,model_f_seed0,md:Looped/No-leak/LO_NL_0.47 LPS,0,178,3.655489499649305,3.6677995920181274,1.0,0.3953727776490502
B,model_f_seed0,md:Looped/No-leak/LO_NL_ND,0,178,3.5880793266082076,3.6563879251480103,0.9831460674157303,0.44910634688114864
B,model_f_seed0,md:Looped/No-leak/LO_NL_Transient,0,174,3.458135095135919,3.6202034950256348,0.9597701149425287,0.5392018906659917
B,model_f_seed0,md:Looped/Orifice Leak/LO_OL_0.18 LPS,1,176,3.6108566055243667,3.677626371383667,0.9886363636363636,0.6812962195588422
B,model_f_seed0,md:Looped/Orifice Leak/LO_OL_0.47 LPS,1,178,3.449815731118904,3.6201893091201782,0.9550561797752809,0.46624091904754406
B,model_f_seed0,md:Looped/Orifice Leak/LO_OL_ND,1,178,3.526152691814337,3.6185909509658813,0.9887640449438202,0.47065335581574924
B,model_f_seed0,md:Looped/Orifice Leak/LO_OL_Transient,1,180,3.5142251127296023,3.64329731464386,0.9888888888888889,0.5207963222689731
B,model_f_seed1,md:Branched/Circumferential Crack/BR_CC_0.18 LPS,1,178,3.652802586555481,3.697730541229248,1.0,0.7106741573033708
B,model_f_seed1,md:Branched/Circumferential Crack/BR_CC_0.47 LPS,1,174,3.4461491477900537,3.622030019760132,0.9597701149425287,0.5466621527945705
B,model_f_seed1,md:Branched/Circumferential Crack/BR_CC_ND,1,182,1.443285178147502,3.281213402748108,0.5824175824175825,0.3312539494166422
B,model_f_seed1,md:Branched/Circumferential Crack/BR_CC_Transient,1,180,0.4284516984389888,0.6659736037254333,0.4111111111111111,0.2489169393797725
B,model_f_seed1,md:Branched/Gasket Leak/BR_GL_0.18 LPS,1,178,2.110156382988678,3.4523372650146484,0.5786516853932584,0.41483209102226704
B,model_f_seed1,md:Branched/Gasket Leak/BR_GL_0.47 LPS,1,180,2.772599124328958,3.515790343284607,0.7333333333333333,0.4337248714352501
B,model_f_seed1,md:Branched/Gasket Leak/BR_GL_ND,1,180,0.3230583341171344,0.49131566286087036,0.21666666666666667,0.09007713884992988
B,model_f_seed1,md:Branched/Gasket Leak/BR_GL_Transient,1,176,2.0192252043634653,2.756734609603882,0.5625,0.3084518041565727
B,model_f_seed1,md:Branched/Longitudinal Crack/BR_LC_0.18 LPS,1,168,1.4320717318693088,3.428274393081665,0.5416666666666666,0.3438898350363988
B,model_f_seed1,md:Branched/Longitudinal Crack/BR_LC_0.47 LPS,1,180,1.1122593094905218,3.361523747444153,0.5388888888888889,0.37439223936418886
B,model_f_seed1,md:Branched/Longitudinal Crack/BR_LC_ND,1,180,0.1040981200006273,0.5852358639240265,0.2111111111111111,0.0736442262739598
B,model_f_seed1,md:Branched/Longitudinal Crack/BR_LC_Transient,1,182,0.9339202873736292,1.5006399750709534,0.4230769230769231,0.2863731640028975
B,model_f_seed1,md:Branched/No-leak/BR_NL_0.18 LPS,0,180,3.5287655916478897,3.6610502004623413,0.9777777777777777,0.44235698473727136
B,model_f_seed1,md:Branched/No-leak/BR_NL_0.47 LPS,0,178,3.0646644492497606,3.437302589416504,0.8595505617977528,0.6196422049334522
B,model_f_seed1,md:Branched/No-leak/BR_NL_ND,0,178,1.8142349205576302,2.7044687271118164,0.550561797752809,0.7459897537201183
B,model_f_seed1,md:Branched/No-leak/BR_NL_Transient,0,182,3.089509884079734,3.52321457862854,0.8296703296703297,0.5636419679586404
B,model_f_seed1,md:Branched/Orifice Leak/BR_OL_0.18 LPS,1,178,1.9616373507829195,3.3679620027542114,0.5617977528089888,0.3712238208550672
B,model_f_seed1,md:Branched/Orifice Leak/BR_OL_0.47 LPS,1,178,3.033867458823357,3.5652953386306763,0.8089887640449438,0.472044061332871
B,model_f_seed1,md:Branched/Orifice Leak/BR_OL_ND,1,178,3.564687908365485,3.6594730615615845,0.9831460674157303,0.6056699812471438
B,model_f_seed1,md:Branched/Orifice Leak/BR_OL_Transient,1,186,1.6954272795588738,3.161373734474182,0.6236559139784946,0.3379405510564177
B,model_f_seed1,md:Looped/Circumferential Crack/LO_CC_0.18 LPS,1,180,3.6759249567985535,3.68550181388855,1.0,0.7080781517843229
B,model_f_seed1,md:Looped/Circumferential Crack/LO_CC_0.47 LPS,1,178,3.7039165215545826,3.711875081062317,1.0,0.7857249791197188
B,model_f_seed1,md:Looped/Circumferential Crack/LO_CC_ND,1,178,3.717624585280258,3.726927399635315,1.0,0.8249050538159698
B,model_f_seed1,md:Looped/Circumferential Crack/LO_CC_Transient,1,178,3.6209047744783125,3.7102108001708984,0.9719101123595506,0.7325117796303008
B,model_f_seed1,md:Looped/Gasket Leak/LO_GL_0.18 LPS,1,178,3.7122598698969638,3.7190335988998413,1.0,0.8068810375529887
B,model_f_seed1,md:Looped/Gasket Leak/LO_GL_0.47 LPS,1,182,3.630627826019958,3.6658272743225098,1.0,0.658566188369835
B,model_f_seed1,md:Looped/Gasket Leak/LO_GL_ND,1,180,3.6351913266711766,3.675177812576294,1.0,0.6538569424964937
B,model_f_seed1,md:Looped/Gasket Leak/LO_GL_Transient,1,178,3.7138368025254667,3.7165457010269165,1.0,0.8035795893282065
B,model_f_seed1,md:Looped/Longitudinal Crack/LO_LC_0.18 LPS,1,178,3.6353552060180836,3.681337594985962,1.0,0.6718092566619915
B,model_f_seed1,md:Looped/Longitudinal Crack/LO_LC_0.47 LPS,1,178,3.6842774554584805,3.693838953971863,1.0,0.7291275982161148
B,model_f_seed1,md:Looped/Longitudinal Crack/LO_LC_ND,1,178,3.6670939359772072,3.6981985569000244,1.0,0.7204839497612556
B,model_f_seed1,md:Looped/Longitudinal Crack/LO_LC_Transient,1,186,3.6130620334097134,3.681887984275818,0.989247311827957,0.6835120421058982
B,model_f_seed1,md:Looped/No-leak/LO_NL_0.18 LPS,0,178,3.563292644666822,3.6392171382904053,0.9943820224719101,0.47104512840249935
B,model_f_seed1,md:Looped/No-leak/LO_NL_0.47 LPS,0,178,3.6181267915147073,3.670964241027832,1.0,0.42398303021258377
B,model_f_seed1,md:Looped/No-leak/LO_NL_ND,0,178,3.6673291131351773,3.705305814743042,0.9943820224719101,0.3223042151522411
B,model_f_seed1,md:Looped/No-leak/LO_NL_Transient,0,174,2.9320106785958524,3.435677170753479,0.7931034482758621,0.6070630797848192
B,model_f_seed1,md:Looped/Orifice Leak/LO_OL_0.18 LPS,1,176,3.6230798864906486,3.696601986885071,0.9886363636363636,0.7097351938033916
B,model_f_seed1,md:Looped/Orifice Leak/LO_OL_0.47 LPS,1,178,3.2223012364479935,3.5511603355407715,0.8932584269662921,0.45977985092267204
B,model_f_seed1,md:Looped/Orifice Leak/LO_OL_ND,1,178,3.227337201157313,3.4809157848358154,0.9044943820224719,0.41422932064232476
B,model_f_seed1,md:Looped/Orifice Leak/LO_OL_Transient,1,180,3.2989386573433874,3.5653645992279053,0.9111111111111111,0.47465326476546676
B,model_f_seed2,md:Branched/Circumferential Crack/BR_CC_0.18 LPS,1,178,3.5737281421597085,3.587222456932068,1.0,0.5197377751863467
B,model_f_seed2,md:Branched/Circumferential Crack/BR_CC_0.47 LPS,1,174,3.630523706304616,3.6381479501724243,1.0,0.6525003627218648
B,model_f_seed2,md:Branched/Circumferential Crack/BR_CC_ND,1,182,1.0962094774694888,3.356947183609009,0.5439560439560439,0.26655287209284406
B,model_f_seed2,md:Branched/Circumferential Crack/BR_CC_Transient,1,180,1.9828443893541892,3.3971457481384277,0.5833333333333334,0.351807698301387
B,model_f_seed2,md:Branched/Gasket Leak/BR_GL_0.18 LPS,1,178,3.4731097161100153,3.5739420652389526,0.9382022471910112,0.5024504782766283
B,model_f_seed2,md:Branched/Gasket Leak/BR_GL_0.47 LPS,1,180,3.480809786501858,3.588953733444214,0.9388888888888889,0.5344202898550725
B,model_f_seed2,md:Branched/Gasket Leak/BR_GL_ND,1,180,1.9359318564335506,3.2272409200668335,0.5833333333333334,0.3232858033348917
B,model_f_seed2,md:Branched/Gasket Leak/BR_GL_Transient,1,176,3.251515408977866,3.58571720123291,0.8579545454545454,0.5117820030600536
B,model_f_seed2,md:Branched/Longitudinal Crack/BR_LC_0.18 LPS,1,168,3.2131255024689294,3.5069013833999634,0.9047619047619048,0.3460061443932412
B,model_f_seed2,md:Branched/Longitudinal Crack/BR_LC_0.47 LPS,1,180,2.3516140152182845,3.5146337747573853,0.6833333333333333,0.35404394576905096
B,model_f_seed2,md:Branched/Longitudinal Crack/BR_LC_ND,1,180,1.1288682028237316,2.1229242086410522,0.39444444444444443,0.18604293283465795
B,model_f_seed2,md:Branched/Longitudinal Crack/BR_LC_Transient,1,182,2.4148930468402066,3.5545185804367065,0.7472527472527473,0.43693263258480647
B,model_f_seed2,md:Branched/No-leak/BR_NL_0.18 LPS,0,180,3.5563180963198344,3.5824984312057495,0.9888888888888889,0.5247475630121559
B,model_f_seed2,md:Branched/No-leak/BR_NL_0.47 LPS,0,178,3.5093634101781954,3.603158950805664,0.9606741573033708,0.4930997647557819
B,model_f_seed2,md:Branched/No-leak/BR_NL_ND,0,178,2.2013919258469277,3.2869056463241577,0.6179775280898876,0.7437006389688527
B,model_f_seed2,md:Branched/No-leak/BR_NL_Transient,0,182,3.318559126293921,3.619294285774231,0.8846153846153846,0.4523470238255278
B,model_f_seed2,md:Branched/Orifice Leak/BR_OL_0.18 LPS,1,178,3.087179744511508,3.5948545932769775,0.7528089887640449,0.49756134075042946
B,model_f_seed2,md:Branched/Orifice Leak/BR_OL_0.47 LPS,1,178,3.5114239987530067,3.6245123147964478,0.949438202247191,0.5988385836077974
B,model_f_seed2,md:Branched/Orifice Leak/BR_OL_ND,1,178,3.5314523329895535,3.5811643600463867,0.9662921348314607,0.5199741557275005
B,model_f_seed2,md:Branched/Orifice Leak/BR_OL_Transient,1,186,2.372006049399735,3.6126761436462402,0.7688172043010753,0.5511808351807447
B,model_f_seed2,md:Looped/Circumferential Crack/LO_CC_0.18 LPS,1,180,3.623730250199636,3.637136459350586,1.0,0.6429678977715444
B,model_f_seed2,md:Looped/Circumferential Crack/LO_CC_0.47 LPS,1,178,3.641640872098087,3.6433141231536865,1.0,0.685056416155822
B,model_f_seed2,md:Looped/Circumferential Crack/LO_CC_ND,1,178,3.5704687244436712,3.585921287536621,1.0,0.5116338623004555
B,model_f_seed2,md:Looped/Circumferential Crack/LO_CC_Transient,1,178,3.617083765147777,3.6455419063568115,0.9831460674157303,0.667948374489812
B,model_f_seed2,md:Looped/Gasket Leak/LO_GL_0.18 LPS,1,178,3.6477171102266635,3.646875739097595,1.0,0.7074396835652489
B,model_f_seed2,md:Looped/Gasket Leak/LO_GL_0.47 LPS,1,182,3.3965019577152127,3.592759847640991,0.9175824175824175,0.49384276312747566
B,model_f_seed2,md:Looped/Gasket Leak/LO_GL_ND,1,180,3.4696996238496567,3.5549551248550415,0.9555555555555556,0.4625409069658719
B,model_f_seed2,md:Looped/Gasket Leak/LO_GL_Transient,1,178,3.6394953781299377,3.65477192401886,1.0,0.686906093890351
B,model_f_seed2,md:Looped/Longitudinal Crack/LO_LC_0.18 LPS,1,178,3.635053314519732,3.652158737182617,0.9943820224719101,0.6894826417889279
B,model_f_seed2,md:Looped/Longitudinal Crack/LO_LC_0.47 LPS,1,178,3.6167840729938465,3.6205408573150635,1.0,0.6145322817025702
B,model_f_seed2,md:Looped/Longitudinal Crack/LO_LC_ND,1,178,3.610788454500477,3.6428295373916626,0.9943820224719101,0.6507044140126386
B,model_f_seed2,md:Looped/Longitudinal Crack/LO_LC_Transient,1,186,3.5675449784724944,3.649302363395691,0.9731182795698925,0.677364686543305
B,model_f_seed2,md:Looped/No-leak/LO_NL_0.18 LPS,0,178,3.6050245011790416,3.6162497997283936,1.0,0.46891359585907333
B,model_f_seed2,md:Looped/No-leak/LO_NL_0.47 LPS,0,178,3.607281427704886,3.6100447177886963,1.0,0.4637634558514545
B,model_f_seed2,md:Looped/No-leak/LO_NL_ND,0,178,3.479454436998689,3.502667188644409,0.9943820224719101,0.6641162239964812
B,model_f_seed2,md:Looped/No-leak/LO_NL_Transient,0,174,3.571208964862015,3.6186881065368652,0.9885057471264368,0.4657864182204598
B,model_f_seed2,md:Looped/Orifice Leak/LO_OL_0.18 LPS,1,176,3.6210266162048685,3.6295136213302612,0.9943181818181818,0.6452429714395002
B,model_f_seed2,md:Looped/Orifice Leak/LO_OL_0.47 LPS,1,178,3.6063804264818686,3.6280906200408936,0.9943820224719101,0.6292253021731251
B,model_f_seed2,md:Looped/Orifice Leak/LO_OL_ND,1,178,3.5850691152422614,3.5918160676956177,1.0,0.5360637912287061
B,model_f_seed2,md:Looped/Orifice Leak/LO_OL_Transient,1,180,3.62972205347485,3.645273208618164,1.0,0.6538101916783544
